subject #,segment #,_dbrain_18cluster_LORB,_dbrain_18cluster_RORB,_dbrain_18cluster_LP,_dbrain_18cluster_RP,_dbrain_18cluster_LIF,_dbrain_18cluster_RIF,_dbrain_18cluster_LPF,_dbrain_18cluster_RPF,_dbrain_18cluster_LT,_dbrain_18cluster_RT,_dbrain_18cluster_LIT,_dbrain_18cluster_RIT,_dbrain_18cluster_LTP,_dbrain_18cluster_RTP,_dbrain_18cluster_LO,_dbrain_18cluster_RO,_dbrain_18cluster_LIO,_dbrain_18cluster_RIO
00315,Segment 1,¥,¥,¥,¥,¥,¥,¥,¥,¥,¥,¥,¥,¥,¥,¥,¥,¥,¥
00315,Segment 2,¥,¥,¥,¥,¥,¥,¥,¥,¥,¥,¥,¥,¥,¥,¥,¥,¥,¥
00315,Segment 3,-0.77310,-0.29896,0.99407,0.50146,-2.45044,4.12809,3.82148,3.07023,-0.07163,0.05381,-4.24640,0.07461,-1.78214,-2.48094,-0.94406,-1.29048,-5.10177,-1.91966
00315,Segment 4,-1.68240,0.61006,2.59463,3.31646,-4.03989,-5.72266,0.76890,0.97246,0.60866,-0.35347,-2.16164,-4.75072,-0.16147,-1.31612,2.29204,2.03729,0.39149,-0.45333
00315,Segment 5,-3.87957,-3.96582,2.96973,4.66462,-1.73985,-0.76668,0.50169,0.28779,1.19975,0.69575,-4.04078,-2.48729,-0.64926,1.45525,-0.22377,1.94074,-3.78087,-1.61068
00315,Segment 6,3.22817,3.07185,2.53271,1.23561,-3.48951,-4.38555,3.90510,3.89760,0.85986,0.77545,-1.49111,-6.03976,-0.36482,-3.01701,-1.94303,-3.20344,-2.87557,-4.94321
00315,Segment 7,4.45607,1.47142,-5.68339,-7.14136,13.24793,11.56068,-1.17313,-4.48588,3.99461,-3.15525,5.66873,4.11905,-0.89433,-2.03334,-3.54005,-4.25609,-1.09012,0.19610
00315,Segment 8,0.93508,-3.13757,-1.63267,-3.09970,4.24511,3.79458,-2.11948,-4.26584,3.20043,-0.38032,0.90412,3.07236,0.41443,0.96651,-0.01589,-0.86141,6.47514,2.56373
00315,Segment 9,-2.97581,-3.44550,4.39647,2.06639,-1.01751,1.92371,0.99300,-1.04471,0.33573,-3.02459,-2.09828,0.76742,-1.88147,1.15254,0.44266,1.05359,-3.21044,-0.18947
00315,Segment 10,-1.68035,0.90483,4.57880,2.13655,-4.54782,-2.37453,4.32984,3.99199,-1.52731,-2.61678,-5.64376,0.20847,-1.25609,-0.98223,0.19154,0.14028,-5.98386,-2.40636
00315,Segment 11,1.61839,1.04599,2.25089,2.13546,-2.42264,-1.01871,3.71531,2.33302,2.12310,1.57831,-4.57556,-1.05195,-2.49782,-1.38757,-2.44229,-2.57561,-8.80603,-5.78505
00315,Segment 12,3.70809,1.21581,0.80748,-1.95788,0.14023,-5.07835,2.50817,-0.00861,2.80248,0.73582,0.85158,-1.60112,0.60384,-2.54638,-0.13961,-2.03018,-0.59745,-2.43458
00315,Segment 13,-2.13919,0.93193,-6.67430,-3.03113,2.27801,4.48687,-4.35665,-0.55195,-0.18439,5.84951,5.82974,2.44817,1.36296,2.45478,-0.58398,-0.34383,2.63402,2.63123
00315,Segment 14,-1.98567,-0.45483,-0.76005,1.30022,-0.40925,3.37592,-1.95087,-0.25090,-0.47479,4.20806,-3.28141,2.65569,-2.37944,2.62194,-0.54572,1.22431,-5.99318,-1.66342
00315,Segment 15,-4.38985,-4.04034,1.76396,2.34938,-1.76349,-4.58013,-2.95440,-1.07464,-1.59294,-0.52650,2.66992,-1.08039,2.98134,1.85075,4.91040,4.19391,0.71809,3.40117
00315,Segment 16,4.31310,0.03760,5.18220,2.41094,-4.53125,-10.83798,8.27274,2.83083,3.36441,-3.14773,-0.73428,-7.37921,0.33052,-4.62818,-0.31156,-2.78455,-3.62805,-4.31647
00315,Segment 17,-0.94261,-1.33078,-1.04553,-0.39502,1.07189,1.21658,-1.10101,-3.47736,3.46985,0.26685,4.04678,-0.41775,1.15394,2.21495,-1.16470,-0.65355,0.41356,0.94593
00315,Segment 18,-2.61111,1.13640,1.12412,0.08744,-4.28041,0.98789,-0.25290,0.32557,-0.25341,1.08982,-2.98236,2.88604,-0.85659,2.32761,-0.21841,1.74437,-2.33768,0.05377
00315,Segment 19,-5.33024,-6.62743,-2.17190,-1.42444,5.71676,1.86141,-4.57637,-5.99810,4.27445,2.65442,6.76056,2.00445,4.70440,3.40954,1.46881,-0.08553,2.97112,3.49209
00315,Segment 20,0.37889,-0.44158,-2.41297,-0.98864,4.19113,6.31554,-2.47166,-2.27496,0.86696,1.89794,-0.27042,5.54634,-2.23464,1.24815,-1.92423,-0.55232,-3.60149,-1.91889
00315,Segment 21,-4.50979,-3.94505,-0.39927,0.50682,2.02696,-2.41390,-1.80473,-3.53006,2.26938,1.31135,5.44766,-0.36102,3.11117,1.42646,2.04245,0.76923,3.31999,1.12736
00315,Segment 22,7.97290,-0.27308,-2.53763,-6.26066,7.21886,1.96283,1.94561,-4.29127,3.98844,-4.56971,3.43385,4.48355,0.36416,-1.04311,-2.11476,-2.48786,0.73325,0.73844
00315,Segment 23,-0.22060,3.68697,1.30658,0.92358,2.06095,1.80404,2.95053,3.76596,1.83216,2.09375,-2.70895,-6.49111,-4.95826,-2.54192,-4.19383,-3.52261,-6.24127,-3.49194
00315,Segment 24,-1.99440,-0.82486,0.94836,1.66614,0.06466,0.79447,-0.74712,1.07600,1.54497,0.18526,0.18597,0.99934,-1.54813,-0.13499,-2.06401,-0.99652,-0.05988,-1.90813
00315,Segment 25,-5.88351,-11.47238,4.90691,1.81759,-0.35127,-1.12354,-3.47607,-7.25364,2.47338,-1.19960,2.31425,5.43862,2.05236,3.91020,4.19106,3.59732,5.95741,1.21141
00315,Segment 26,0.69113,-0.26238,2.55677,-0.12791,-6.02116,-2.10830,0.40135,-1.51385,-1.17472,-1.65751,-0.97794,1.48394,1.61943,0.55946,1.57284,1.58624,4.35233,2.39947
00315,Segment 27,-1.29726,-3.90759,1.25303,-0.58532,0.89633,1.93692,2.79840,0.21236,1.67348,-0.86591,-0.50547,0.09961,-0.49684,0.41179,-1.58316,-0.49027,-2.40374,1.38514
00315,Segment 28,¥,¥,¥,¥,¥,¥,¥,¥,¥,¥,¥,¥,¥,¥,¥,¥,¥,¥
00315,Segment 29,-3.30142,1.76690,-1.15828,1.34333,-1.44240,0.82756,0.14033,3.58234,-1.63299,3.66966,-1.80580,1.74768,-1.43451,1.55358,-2.16742,-1.05484,-1.94280,-1.85914
00315,Segment 30,-4.59340,0.34525,0.57593,3.19728,-3.74198,-5.86572,-0.56233,1.91234,-0.13019,0.59753,-2.44169,-2.94153,0.25671,3.72799,1.33720,2.98940,1.51130,2.52353
00315,Segment 31,3.01302,3.13312,2.32035,2.75065,-2.73899,0.66061,3.50471,3.72440,0.77884,2.58580,-7.19647,-4.42137,-5.19585,-0.81113,-4.36514,-2.80008,-7.96507,-4.97106
00315,Segment 32,-6.37289,-6.13787,0.21715,0.13587,1.03462,-3.05105,-5.92980,-5.32612,0.97031,0.65443,2.57749,2.01140,4.73580,3.99764,5.81049,5.86207,6.82564,4.44734
00315,Segment 33,3.88933,3.20088,-1.51129,-1.67110,-0.18840,-1.53487,4.49729,1.76341,1.80402,-0.76225,-0.73399,-3.61563,-1.36424,-0.95854,-2.15194,-2.05333,1.13180,-1.88312
00315,Segment 34,2.85169,2.86899,0.56875,0.64983,0.25051,-1.14271,2.00436,2.19287,0.80135,1.39878,-2.21203,-4.63876,-2.56045,-2.80333,-1.17085,-2.28215,-3.08620,-3.12347
00315,Segment 35,-2.16749,-1.98731,-1.86404,-0.04480,2.79177,4.76254,-0.73673,-1.37444,0.34414,2.26572,-0.27811,2.82634,-1.43346,1.56251,-0.85992,0.47876,-1.80258,-1.80121
00315,Segment 36,-5.43279,-6.26801,-2.19911,-0.11235,0.62269,1.63884,-5.14953,-4.48710,-3.18311,-1.22449,6.20071,2.48814,5.10647,4.42733,5.34986,5.11905,8.82526,7.64090
00315,Segment 37,-1.43272,-4.92362,-0.02574,-3.16623,5.08096,-1.62729,-1.25373,-5.18240,4.35217,-0.48469,7.26780,0.50786,5.88882,0.68734,3.06286,-0.87654,-0.35818,0.11060
00315,Segment 38,¥,¥,¥,¥,¥,¥,¥,¥,¥,¥,¥,¥,¥,¥,¥,¥,¥,¥
00315,Segment 39,5.58060,2.31253,-0.73688,-0.74254,-0.03560,-4.83144,1.58036,0.76445,2.96930,-1.38683,2.39242,-0.82465,0.28562,-2.00661,-1.24159,-3.26811,0.81207,-2.87191
00315,Segment 40,¥,¥,¥,¥,¥,¥,¥,¥,¥,¥,¥,¥,¥,¥,¥,¥,¥,¥
00315,Segment 1,¥,¥,¥,¥,¥,¥,¥,¥,¥,¥,¥,¥,¥,¥,¥,¥,¥,¥
00315,Segment 2,¥,¥,¥,¥,¥,¥,¥,¥,¥,¥,¥,¥,¥,¥,¥,¥,¥,¥
00315,Segment 3,-1.26124,-2.55453,0.78208,3.38842,-0.60207,2.29999,2.45827,2.15246,0.38138,2.19132,-4.87999,0.36717,-3.63518,-0.78725,-2.27556,-0.36756,-6.39182,-2.59100
00315,Segment 4,-4.12440,-3.02394,1.83518,0.48900,-0.80347,2.11222,-2.23889,-4.00115,0.62586,-2.20978,0.06684,2.09499,1.24879,1.58624,2.90650,3.41052,1.80491,2.50146
00315,Segment 5,-7.54437,-6.64418,0.03284,4.73112,-0.40760,0.05482,-4.41832,-2.33898,-0.94524,1.54560,1.27285,0.15452,0.33645,5.69522,1.94725,4.98412,2.71559,3.96803
00315,Segment 6,-0.40240,0.98070,-3.50991,-1.32688,2.76308,6.06620,-3.75035,-2.35696,-0.14880,4.97032,0.52621,3.93241,-0.67484,2.38888,-2.51493,-0.61333,-1.20785,-0.41681
00315,Segment 7,2.32745,1.72469,-3.46876,-2.20779,6.34662,5.31521,-0.20918,-0.69011,1.66778,-0.08673,1.94945,0.81376,-1.73343,0.95160,-3.79806,-2.48871,-3.12166,-1.60731
00315,Segment 8,0.60171,-3.08768,-0.95316,-2.99497,5.37254,3.01719,-1.25387,-5.10643,3.10006,-1.24254,2.45805,2.10828,0.44923,0.51971,0.14338,-0.70175,5.41917,2.07831
00315,Segment 9,-2.82346,-1.64078,2.86187,3.59095,-1.13532,-3.37271,-0.71156,1.49711,-1.17069,-0.46834,-0.68292,-2.60669,-1.64140,1.20101,1.17213,1.67370,-1.41234,-0.43116
00315,Segment 10,-2.41409,0.81919,4.06862,4.59299,-5.91663,-3.38150,3.41806,5.33235,-4.80571,0.03146,-7.01585,0.52462,-4.01134,1.41394,-0.38620,1.53475,-5.70383,-1.89283
00315,Segment 11,-2.54500,-3.22239,-1.21255,2.30755,-0.98004,1.74657,-1.88653,-0.98561,-0.55049,3.65668,-1.78241,4.24615,-1.09598,3.97702,-1.00386,1.70515,-2.08042,-0.22882
00315,Segment 12,-0.54407,-0.35085,1.40939,0.01615,-1.71044,-9.37345,0.49818,1.49169,2.72860,2.61506,3.21985,-5.54091,2.47885,-2.54551,2.07160,-0.40919,3.06921,-0.98998
00315,Segment 13,-0.05123,0.41727,-5.45089,-1.76124,2.95698,6.50064,-2.15381,0.44928,-0.20846,4.61673,1.21330,3.82846,-1.73617,1.93560,-2.85056,-0.98893,-1.82540,0.43966
00315,Segment 14,-5.76707,-1.90180,-2.22771,3.30464,0.79923,2.95612,-7.49143,-1.51238,-3.90644,6.11926,-1.20265,3.88003,-1.10973,4.87615,1.98880,4.39622,-1.72732,1.30208
00315,Segment 15,-5.29691,-4.77407,2.13227,3.59558,-3.06766,-6.43710,-2.47106,-0.84190,-1.20946,-1.17022,0.88710,-1.65427,2.94329,1.56676,5.44813,5.16423,3.17373,5.26991
00315,Segment 16,3.75908,1.00880,5.70708,3.38028,-6.87859,-8.02976,7.47980,3.35583,2.23633,-2.37331,-5.60284,-5.23177,-0.90696,-2.85590,-1.47375,-1.73222,-5.87360,-4.52058
00315,Segment 17,0.40418,1.64865,-1.28142,0.67322,-0.72747,-1.01077,-0.14616,-0.05452,0.95659,2.61387,2.70560,-1.12613,0.88475,0.44321,-1.62167,-2.13518,-2.03219,-1.76421
00315,Segment 18,-2.90581,0.07970,0.86782,-0.58438,-1.84269,2.01213,-1.49678,-0.20626,-1.51865,-0.50841,-1.72390,3.57140,-0.68549,2.17281,0.91462,3.02268,-0.86060,1.44235
00315,Segment 19,-1.52317,-4.77320,-1.77854,-1.19365,4.37257,1.92378,-3.10421,-4.88000,4.85554,2.11927,2.86710,1.73309,3.08140,2.09816,0.37563,-0.60698,0.04929,1.31618
00315,Segment 20,0.36216,-0.16073,-2.78373,-1.30396,4.26715,6.83343,-2.26551,-2.60606,1.44704,3.23487,-0.94150,5.57740,-2.29920,1.85623,-2.73589,-1.24601,-3.97652,-2.01723
00315,Segment 21,-3.18867,-1.90713,-0.28850,0.31038,2.10054,-1.79375,-1.26315,-3.55980,1.46283,-0.42197,2.31031,1.02144,2.26677,1.51575,2.03965,1.42855,1.96538,0.72748
00315,Segment 22,6.06134,-0.56080,-1.01390,-6.07177,6.37827,2.48047,4.01115,-3.46149,4.39768,-6.38485,4.04086,3.00932,0.20354,-2.28046,-1.80422,-2.65292,0.01441,0.16654
00315,Segment 23,-3.78461,1.06870,4.37141,4.14005,-3.18735,-2.10199,2.80229,4.35135,-0.07128,1.13711,-4.09752,-6.39058,-3.13961,-1.76961,-0.47505,-0.90346,-4.78034,-3.49141
00315,Segment 24,-4.09654,-2.04698,2.86865,2.03617,-0.61861,-1.69208,-2.00421,0.48557,0.25960,-0.64293,2.70921,-1.62788,1.38240,-0.69132,1.14608,0.12428,2.25652,-0.96605
00315,Segment 25,-5.32554,-6.48731,-0.73154,-1.00909,3.92663,6.76264,-7.18365,-7.21497,-1.94707,-0.29615,5.25605,8.34329,1.52847,4.93825,3.16164,3.10184,6.34742,4.06652
00315,Segment 26,-0.14833,-1.33681,3.10263,-2.08025,-1.52391,-5.65889,1.44862,-3.62849,2.53231,-4.51762,4.64191,-3.51331,5.90594,-1.30794,4.46726,0.67230,3.38189,2.34292
00315,Segment 27,-3.82920,-2.01874,1.57549,1.99906,-1.67937,2.04292,-0.40420,1.71445,-2.99756,1.39895,-2.19374,1.02387,-2.53966,1.67672,-0.12011,1.74032,-1.96824,1.46435
00315,Segment 28,¥,¥,¥,¥,¥,¥,¥,¥,¥,¥,¥,¥,¥,¥,¥,¥,¥,¥
00315,Segment 29,-4.83752,-0.19270,0.44484,0.79788,-0.68424,1.25087,0.37987,1.62797,0.03430,1.45811,-0.53774,1.30254,0.18480,0.23765,-0.75535,-0.65516,-1.25634,-0.58293
00315,Segment 30,-2.40026,-0.81933,0.74977,4.01137,-3.52789,-6.63983,0.12741,2.12776,-0.39440,0.72859,-3.28868,-4.91816,-0.33049,2.88367,1.42606,3.97895,-0.06969,1.62004
00315,Segment 31,1.54012,1.59514,-0.53429,1.48416,0.87110,5.31696,-0.37079,-0.39375,-1.75727,3.63830,-4.18222,0.79629,-5.02068,2.03157,-3.80728,-0.56070,-5.37386,-1.93955
00315,Segment 32,-5.65244,-4.20986,-1.52178,-2.91275,2.12396,-1.49977,-5.40517,-6.88974,4.39534,-0.75049,5.26316,2.41128,6.09991,2.03720,5.40000,4.44120,8.47289,5.83339
00315,Segment 33,7.17863,7.13710,-2.86532,-2.56932,0.10718,2.58370,5.67897,4.11503,0.85047,1.69319,-3.52838,-2.40728,-5.12648,-2.61560,-5.86891,-4.50372,-2.94837,-4.79508
00315,Segment 34,-0.13292,0.87111,0.52389,1.17291,-0.31425,-1.32844,0.33005,0.49451,1.07239,1.83001,-1.20095,-2.87092,-2.18450,0.84624,-0.73916,-0.42802,-1.54901,-1.44605
00315,Segment 35,0.53397,0.61175,-3.31327,-0.00745,3.77216,6.83939,-1.84460,-0.71872,-1.05307,3.95289,-1.68129,2.89342,-3.71674,1.88245,-2.92091,-0.27033,-3.44825,-2.46971
00315,Segment 36,-3.68545,-9.07142,-1.15468,-3.85479,3.53904,1.92878,-4.39565,-7.75356,1.34596,-2.10425,7.11716,4.21935,7.33593,3.73956,5.86854,4.40679,6.61628,6.79649
00315,Segment 37,-3.19153,-5.08804,-2.46216,-3.70671,5.26240,2.47581,-3.30583,-6.25839,1.88859,0.48378,5.26573,5.04291,4.25351,4.34945,2.72489,2.02257,2.58971,2.49051
00315,Segment 38,¥,¥,¥,¥,¥,¥,¥,¥,¥,¥,¥,¥,¥,¥,¥,¥,¥,¥
00315,Segment 39,5.20345,0.51812,-0.75212,0.34808,2.09149,-6.57649,1.12751,0.12685,4.06726,-2.42643,3.43914,-3.62029,0.84093,-2.78025,-0.20492,-2.00267,1.45929,-2.47243
00315,Segment 40,¥,¥,¥,¥,¥,¥,¥,¥,¥,¥,¥,¥,¥,¥,¥,¥,¥,¥
00315,Segment 1,¥,¥,¥,¥,¥,¥,¥,¥,¥,¥,¥,¥,¥,¥,¥,¥,¥,¥
00315,Segment 2,¥,¥,¥,¥,¥,¥,¥,¥,¥,¥,¥,¥,¥,¥,¥,¥,¥,¥
00315,Segment 3,-0.45259,-3.27854,0.29012,0.77411,2.96113,6.02004,-0.63718,-2.53849,-1.35485,-0.99028,-1.99895,3.37855,-2.22082,1.11619,-0.36829,1.49289,-3.21744,0.30187
00315,Segment 4,0.83439,2.41375,0.41116,-0.96235,-0.13781,0.42582,0.38111,0.82414,1.93562,-1.74747,-1.16686,-0.03989,-1.94817,-1.06736,-1.10754,0.24050,-1.15210,-0.57672
00315,Segment 5,-4.97073,-6.41817,3.06517,4.21098,-4.00743,-3.43582,-1.52744,-1.25733,-0.13151,-1.13165,-0.56388,-2.06534,2.58871,2.33441,4.38322,4.88122,1.98878,0.97876
00315,Segment 6,-5.95257,-3.68579,0.27769,2.40144,-2.46143,2.38697,-3.03702,-2.55346,0.55203,4.57579,-0.04534,2.82594,2.23918,2.94116,0.60788,0.72230,-0.53804,-0.02028
00315,Segment 7,-0.30450,-2.23952,-2.19319,-4.22871,6.71624,4.72785,-1.30878,-5.98299,1.57580,-2.15484,8.42397,0.84631,3.66450,0.55438,0.65818,-0.95033,3.94986,1.76430
00315,Segment 8,0.37768,-3.10826,-1.10663,-4.17145,4.70352,5.87036,-0.51562,-5.41791,1.63074,-3.92750,4.93446,2.14204,1.80431,-1.73186,1.75669,-0.24742,7.60267,3.19943
00315,Segment 9,-3.72705,-3.66294,1.32472,-1.66766,4.97863,0.28004,-1.92396,-3.66837,0.91857,-1.86920,3.74218,1.19370,2.52084,1.52677,2.54742,1.54529,0.42796,1.27506
00315,Segment 10,-1.03643,-0.56498,2.44729,3.33071,-4.43433,-2.71560,2.06227,2.59326,-2.08704,-1.29147,-5.36601,-0.14228,-3.34566,2.35936,0.63607,3.02726,-3.70294,-0.28892
00315,Segment 11,-4.21076,-10.10633,2.10534,-1.94782,3.89354,0.16799,-3.20148,-7.74207,2.38036,-5.02042,4.74742,5.26568,5.61556,2.01729,5.66330,4.68487,4.86568,5.16256
00315,Segment 12,-1.79682,-1.47298,-0.88295,-0.64510,1.49390,0.61806,-4.20881,-1.80394,-1.36294,1.34725,2.05085,2.37694,0.88230,0.30022,2.41384,2.64972,2.79780,1.85920
00315,Segment 13,2.98625,1.91496,-4.48488,-3.36244,4.28518,5.76699,-0.43501,-0.85940,0.47068,1.69932,0.87893,3.46892,-3.24836,-0.41097,-2.08036,-1.26596,-0.94623,0.27321
00315,Segment 14,-3.69629,-2.61120,-3.30285,0.47414,2.57688,4.48792,-6.65826,-3.59308,-1.35749,3.22239,0.35122,6.27963,-0.42277,4.66433,1.93867,3.31437,0.83338,2.77212
00315,Segment 15,-4.99505,-0.83773,0.53152,3.85647,-3.11393,-0.53832,-3.70281,-0.41727,-5.86483,-0.33707,-1.62135,1.64883,-0.70037,3.64424,4.07879,5.22756,2.28027,4.38986
00315,Segment 16,4.56317,3.89944,4.30621,3.79604,-5.00393,-7.55927,8.22187,5.99841,0.34444,-1.87471,-6.03049,-6.39060,-2.94182,-3.92171,-2.76819,-2.93724,-6.62841,-6.60124
00315,Segment 17,0.63730,3.05998,-1.70280,-1.41899,0.95577,4.78352,-1.47665,-0.33266,-1.96695,1.51871,-0.55773,4.07501,-1.98566,0.19175,-1.37928,-0.73238,-2.86396,0.30451
00315,Segment 18,-1.25242,-1.07784,1.79187,0.19317,-2.73670,-0.67577,0.04985,-1.74736,-0.45777,-1.60596,-1.89514,1.46207,-0.42901,1.29155,2.30518,3.61843,-0.27289,1.56786
00315,Segment 19,-5.00796,-7.56831,-2.38382,-2.81832,3.40472,-0.36950,-7.21256,-7.93070,1.29671,-1.45711,10.35042,1.22811,9.66976,2.61673,7.80035,3.91886,11.24427,8.54347
00315,Segment 20,1.15453,0.87837,0.59520,-1.28450,1.45949,3.29866,2.11416,0.17262,3.22402,2.12968,-3.03962,1.89285,-2.70455,-0.90236,-3.61612,-2.80689,-6.29292,-4.24765
00315,Segment 21,3.27467,1.34166,-0.98770,-2.47237,1.48705,-5.49600,1.33886,-1.24093,3.99077,-0.64191,6.63637,-6.23737,4.46121,-3.74044,1.34294,-2.90440,4.94500,-1.04032
00315,Segment 22,4.60145,-1.15245,-0.26859,-2.47146,3.54054,-0.60148,3.37455,-1.39155,1.80711,-3.61815,2.34452,0.60819,-1.23277,-2.43084,-0.96694,-1.71839,1.00926,1.37876
00315,Segment 23,-3.05474,0.84292,3.81523,2.63521,-4.19585,-0.55128,1.95256,3.41627,-3.17678,-0.17800,-2.99659,-3.33109,-1.79352,-0.74857,0.35772,0.68900,-1.65764,-0.94245
00315,Segment 24,-2.77988,0.59450,-0.35943,-0.65795,2.29160,3.46541,-1.82806,-0.10829,-0.85579,-0.13563,2.21121,3.06996,-1.34702,-1.99749,0.04624,0.16764,0.47966,0.02128
00315,Segment 25,-4.93460,-4.58582,-1.15585,2.41532,1.30702,1.63628,-4.53489,-1.98194,-3.00680,3.20802,2.77751,4.77766,-1.12063,4.30708,1.20280,2.10474,2.87647,1.59502
00315,Segment 26,-4.11087,-0.74547,-0.28329,0.77467,-0.98279,1.46748,-3.59074,-0.99301,-2.90532,2.63184,0.28833,2.35730,0.17462,1.46521,1.71289,1.84943,3.28115,3.20834
00315,Segment 27,-2.05774,-1.17015,-0.24055,-1.26936,2.85011,0.25205,0.16473,0.45068,0.12053,0.68069,4.59322,-1.57198,0.41911,-0.36672,-0.73913,-1.26688,0.90156,1.32484
00315,Segment 28,¥,¥,¥,¥,¥,¥,¥,¥,¥,¥,¥,¥,¥,¥,¥,¥,¥,¥
00315,Segment 29,-3.12468,-2.80380,-0.52970,-1.76681,1.99735,-3.08114,-1.71504,-3.31281,2.97489,-1.83466,8.27548,-2.23991,6.87311,0.04823,3.55459,-0.38582,6.38590,2.01801
00315,Segment 30,-3.21939,-0.56135,1.12878,2.38512,-2.82690,-1.07328,0.13239,1.71970,-0.76746,2.88570,-3.36523,-2.00646,-1.39855,2.35637,-0.33359,1.08056,-1.20783,0.02962
00315,Segment 31,-1.11923,-4.16036,0.46897,0.74847,1.78060,1.53303,-0.49232,-2.64437,0.87327,-0.12739,0.36997,0.14532,-0.61713,2.36564,-0.31050,1.53821,-0.05138,1.52056
00315,Segment 32,-7.50178,-2.81537,0.22821,-0.77369,-0.77947,-1.31251,-5.53392,-3.88638,1.73674,-0.66984,2.35696,2.99585,5.95663,2.12766,5.30058,4.49711,5.16308,4.36057
00315,Segment 33,2.15716,5.09627,-4.96155,-1.96770,2.42709,5.66568,-1.21748,1.98652,0.21263,2.91209,0.11018,0.31000,-2.57826,-0.15434,-4.51145,-1.88209,-0.52249,-1.21076
00315,Segment 34,-3.08485,-2.94329,1.60157,4.81441,-3.53914,-3.45479,-1.07737,0.08882,-1.80434,0.22632,-1.49030,-2.00736,-0.55644,3.24418,2.12217,3.21817,0.61139,1.40269
00315,Segment 35,1.40183,-0.04563,-2.20959,-1.65208,5.13064,4.77375,-1.84701,-1.94525,0.15476,2.27760,0.37774,2.93492,-2.38900,-0.18474,-1.26704,-0.63523,-1.85550,-1.51986
00315,Segment 36,-3.92352,-6.99732,-1.46852,-3.12405,3.16159,-0.41405,-5.54042,-4.74902,-1.96373,-1.85604,10.17303,0.98327,8.54810,-0.09683,8.10673,2.49675,11.72453,7.96520
00315,Segment 37,-2.56703,-5.18116,-0.66254,-2.12022,3.60044,-3.13864,-2.02284,-5.57061,5.03706,-2.36315,7.61432,-1.63052,6.13889,0.44078,3.78355,1.91260,6.05915,3.04891
00315,Segment 38,¥,¥,¥,¥,¥,¥,¥,¥,¥,¥,¥,¥,¥,¥,¥,¥,¥,¥
00315,Segment 39,6.60932,4.07398,-1.26208,-2.97664,2.30055,-0.55195,4.02179,2.93246,2.83236,-0.87946,-0.98628,0.17865,-3.82318,-3.85596,-3.59675,-3.68742,-3.45244,-4.13787
00315,Segment 40,¥,¥,¥,¥,¥,¥,¥,¥,¥,¥,¥,¥,¥,¥,¥,¥,¥,¥
00315,Segment 1,¥,¥,¥,¥,¥,¥,¥,¥,¥,¥,¥,¥,¥,¥,¥,¥,¥,¥
00315,Segment 2,¥,¥,¥,¥,¥,¥,¥,¥,¥,¥,¥,¥,¥,¥,¥,¥,¥,¥
00315,Segment 3,-5.16675,-1.96185,2.13930,6.27312,-4.06491,-4.54020,1.08235,5.79876,-1.43815,6.07657,-6.72256,-1.91280,-4.10264,0.39154,-0.58336,0.89206,-5.64760,-1.80057
00315,Segment 4,-1.96814,-0.23002,1.26522,1.77020,-4.59924,-1.31546,2.29981,1.63610,1.96543,-0.55666,-3.34955,-0.41317,-1.24098,0.81048,-0.53222,0.89971,-1.28343,-0.28091
00315,Segment 5,-7.57284,-7.44898,5.06634,9.28888,-6.65423,-7.41910,-0.90524,0.94576,-0.14786,0.65521,-1.69096,-6.11966,-1.03910,4.56623,2.64041,5.40471,0.65188,0.57484
00315,Segment 6,-5.76783,-4.73083,3.62182,0.39084,-4.49275,-8.98433,-3.41303,-4.39764,2.12228,-0.29817,8.39032,-7.09624,11.17014,-0.64587,8.40531,1.64802,11.70139,3.17475
00315,Segment 7,-1.75201,-3.86414,-5.83413,-3.17032,9.53076,7.36644,-5.49977,-7.07097,0.68834,0.54835,6.06849,5.63649,0.49838,6.14008,-0.24438,2.07636,2.85155,4.34785
00315,Segment 8,-1.09661,0.87783,0.83500,0.42866,-0.74875,-3.48575,-0.45269,0.40595,-1.30487,0.56198,0.66427,-3.29535,0.20050,-0.38345,1.42694,-0.48444,7.06603,2.14987
00315,Segment 9,0.75293,1.66204,-0.18732,0.34863,3.99406,-0.87570,-0.26265,0.67956,-0.55178,-3.72054,4.31267,-2.57442,0.09952,-1.62128,0.51872,-1.24844,-0.55224,-1.26156
00315,Segment 10,-1.77001,1.99766,7.36348,5.49090,-6.80681,-4.38508,4.84805,7.38552,-3.48262,-2.65300,-8.98797,-2.62599,-5.25579,-1.03778,-1.02110,0.36453,-7.31592,-3.83014
00315,Segment 11,-3.97503,-2.68725,1.64769,1.58280,-2.56135,-0.87586,-0.12104,0.30752,0.03881,0.83747,-1.40158,3.17352,0.18430,3.30981,-0.35576,1.14530,-1.36925,-0.18781
00315,Segment 12,-1.08864,-2.82697,3.03921,1.66665,-2.99040,-4.23933,1.09756,-0.30471,0.40744,0.19957,-0.35809,-1.95743,0.10580,0.77931,1.24455,1.60120,0.59420,-0.49330
00315,Segment 13,0.27722,0.14873,0.22512,-0.60137,-0.89010,-8.36106,2.80526,2.66591,2.25071,-0.35935,7.19808,-8.96742,2.91991,-3.28027,1.81702,-2.20433,6.01502,-0.51960
00315,Segment 14,-7.22896,-2.27169,1.55994,6.13951,-4.75251,0.73266,-4.91448,-0.07546,-1.75937,3.72700,-4.81091,2.21122,-2.18504,6.32449,1.14316,4.14548,-3.12966,-0.26559
00315,Segment 15,-5.12514,-4.86268,3.24629,1.86169,-0.06676,-1.46617,-2.16809,-3.90938,0.59890,-3.41763,1.64394,-0.70709,2.79987,0.37490,4.91574,4.71120,1.03916,2.45475
00315,Segment 16,3.07029,4.34591,1.42197,2.88255,-6.48556,-14.70232,5.36200,6.37874,-1.74345,-1.65270,3.78285,-12.18424,2.12765,-5.42448,2.54798,-1.67008,6.82619,-0.48538
00315,Segment 17,1.65050,3.60776,0.35810,2.24623,-0.42865,-1.18674,1.23957,2.44628,0.39599,1.84193,-1.16486,-1.90178,-2.57292,-0.99912,-2.96740,-3.27466,-5.89772,-4.36387
00315,Segment 18,-1.24076,2.87991,2.79780,1.36207,-4.13414,-1.52199,0.96349,4.05267,-1.48482,0.35545,-3.41013,-0.59634,-1.94268,-0.60004,-1.46145,0.43867,-3.57349,-1.81018
00315,Segment 19,-2.66592,-6.22653,-1.61764,-1.18813,0.96154,2.97858,-3.63407,-5.26027,3.62291,2.11767,-0.60770,7.42626,1.04859,6.16053,-0.53499,2.59671,0.13301,5.29071
00315,Segment 20,-5.94121,-4.10473,-0.49636,0.89957,3.33963,7.28437,-4.94056,-2.94216,0.58166,4.64425,-0.77534,7.03015,-1.68119,3.22630,-1.02575,0.16708,-2.85232,-0.62928
00315,Segment 21,-3.40834,-0.65456,-0.28854,3.95680,-2.83576,-0.07662,-0.56071,0.09833,-1.82455,4.91061,-4.18107,3.32461,-3.40628,4.09662,-1.57963,1.18969,-2.29798,-0.91696
00315,Segment 22,5.70069,1.06079,-0.18925,-0.70490,3.00158,0.71290,5.18541,1.70980,1.15969,-1.98393,-0.99966,0.29415,-4.99204,-2.14624,-4.83601,-3.94581,-2.80544,-1.95466
00315,Segment 23,-5.91711,-2.08272,3.84915,4.61996,-3.75545,-4.99801,0.60390,2.31252,-0.23657,0.20971,-2.35344,-5.30030,-1.59133,2.54321,1.26798,3.00811,-0.87912,0.61929
00315,Segment 24,-2.94817,0.70171,0.24200,2.26376,1.48597,-0.40089,-2.25161,2.22870,-2.05302,0.35014,3.54757,-0.60670,-1.88830,-1.97748,-0.52499,-0.28093,1.93513,-0.64991
00315,Segment 25,-2.77500,-4.57422,0.02822,-1.54577,3.55817,0.23586,-3.27446,-1.40619,-0.37846,2.32869,6.03424,3.05237,-0.29619,0.73470,1.02043,-0.88407,6.05826,1.42900
00315,Segment 26,-2.01342,-0.14199,1.74111,-2.33014,-0.77352,1.29358,-0.61780,-1.81282,-1.24836,-2.26841,2.34442,1.82389,1.91217,-0.83490,2.34164,0.67045,3.00987,3.15440
00315,Segment 27,-2.64661,-2.09653,-0.70851,0.36590,2.47113,1.27687,-0.62392,1.14128,-0.74746,2.27625,-0.05358,0.94866,-2.65057,1.67817,-1.41330,0.60929,-1.66831,1.95561
00315,Segment 28,¥,¥,¥,¥,¥,¥,¥,¥,¥,¥,¥,¥,¥,¥,¥,¥,¥,¥
00315,Segment 29,2.10479,1.64179,2.14352,-4.38041,3.54486,-0.64982,6.43651,0.73376,7.04059,-4.51160,2.19394,-2.30597,1.28606,-4.39979,-2.45511,-6.15009,-3.30096,-4.34166
00315,Segment 30,-1.87079,2.79074,-0.48582,4.26677,-4.48394,-2.65354,1.99405,6.55554,-2.12598,3.34244,-4.60509,-3.36281,-3.33989,1.75080,-3.05350,-1.27447,-2.03345,-0.57933
00315,Segment 31,-3.48314,-2.86251,1.77877,5.26679,-1.11267,-1.07544,-0.79508,1.30078,-0.72000,5.04785,-4.36353,-2.33139,-3.89709,3.86015,-2.08845,1.08144,-3.99020,-1.46122
00315,Segment 32,-5.98047,-5.94825,0.05363,-2.52995,2.64689,2.97658,-4.51472,-7.39687,4.82496,-0.60209,1.48188,5.95173,4.00804,4.48897,2.64627,3.84181,2.63421,3.42308
00315,Segment 33,4.63565,6.02062,-2.86025,-0.99062,3.06495,2.92282,3.04150,4.31008,0.28503,3.38288,-2.15949,-1.85140,-4.71551,-1.31063,-6.84351,-5.04985,-5.21239,-5.37117
00315,Segment 34,3.32601,-0.76551,2.09387,-3.41625,1.19929,-0.79275,4.43681,-2.06184,4.50218,-3.68967,0.67755,-0.93937,0.73798,-0.06992,-1.10210,-2.70192,-1.43412,-0.77930
00315,Segment 35,-1.34611,-2.21659,0.58637,-0.68441,1.62566,3.50942,-1.90832,-3.04763,0.22799,0.42209,-1.17674,2.36758,-0.03259,2.14923,1.25868,2.18661,-1.97166,-1.50916
00315,Segment 36,-3.94944,-9.04860,-2.43868,-4.82128,5.34649,4.01178,-5.88618,-8.01263,0.66863,-2.54094,6.66953,7.98364,5.60300,4.51276,5.48157,4.90192,7.56281,9.50206
00315,Segment 37,-4.96003,-5.67184,-1.47345,0.19412,0.86681,1.78936,-4.55708,-6.12192,0.06067,2.04793,-0.92039,6.40439,1.80205,6.79899,2.72572,5.87911,1.38411,4.38119
00315,Segment 38,¥,¥,¥,¥,¥,¥,¥,¥,¥,¥,¥,¥,¥,¥,¥,¥,¥,¥
00315,Segment 39,4.13630,-0.44756,-0.33814,-1.77146,3.25808,-1.97447,0.61517,-0.95977,3.88374,-2.33002,1.70025,0.45675,0.74159,-0.56580,-1.46308,-1.66298,-1.11253,-1.89698
00315,Segment 40,¥,¥,¥,¥,¥,¥,¥,¥,¥,¥,¥,¥,¥,¥,¥,¥,¥,¥
00315,Segment 1,¥,¥,¥,¥,¥,¥,¥,¥,¥,¥,¥,¥,¥,¥,¥,¥,¥,¥
00315,Segment 2,¥,¥,¥,¥,¥,¥,¥,¥,¥,¥,¥,¥,¥,¥,¥,¥,¥,¥
00315,Segment 3,-3.49957,-0.29009,2.96432,2.55458,-5.74281,7.30250,1.92117,1.72212,-1.24226,-1.73933,-6.53640,2.06563,-3.43375,0.88897,-0.70539,1.16283,-4.98402,-2.04654
00315,Segment 4,2.51021,3.21106,4.06825,2.89210,-5.51991,-5.46375,4.83264,6.06243,2.02283,-5.62488,-4.11094,-6.25592,2.61462,-3.13172,-1.38661,-3.38301,-2.59968,-3.81463
00315,Segment 5,0.91492,2.09510,0.07358,3.55544,-2.97952,-2.12939,0.11272,4.41414,-2.17299,1.46185,-3.79526,-1.50729,-2.07476,0.81805,-1.80332,0.62829,-4.06483,-2.98332
00315,Segment 6,-11.14518,-5.05002,2.93899,5.08963,-7.40646,-0.18203,-5.53655,-1.57229,-2.50514,3.63836,-0.51167,1.24619,6.33359,9.24175,1.96364,3.51996,1.99084,1.79392
00315,Segment 7,-2.94603,-2.60750,1.31230,0.66007,1.47125,1.52570,-1.21642,-2.04010,-1.68869,-2.32472,2.82444,0.05359,4.00596,3.50521,0.75158,0.88124,-0.06591,-0.74131
00315,Segment 8,2.96640,2.04819,-0.23503,-5.70367,1.35177,6.65777,0.90747,-2.20013,0.50607,-0.98345,-0.46946,1.53168,1.42630,-0.19780,-0.71629,-2.19961,0.80974,-0.59540
00315,Segment 9,-1.43647,-4.27992,3.76684,-1.37649,2.17613,0.80579,0.08534,-4.53996,4.73618,-7.09171,1.39149,-0.26260,4.61345,1.16868,2.11211,1.40341,-0.91373,-0.83682
00315,Segment 10,0.46138,3.47629,0.89083,0.45992,-1.21198,0.64846,1.10515,3.73703,-0.43835,-1.32478,-4.55561,1.67425,-2.37206,1.81505,-3.43945,-0.57071,-6.16325,-1.72697
00315,Segment 11,-5.31021,-4.64831,-1.42908,0.68352,0.03355,0.08495,-2.20069,-1.80015,-1.84367,1.99485,0.80717,4.93753,-0.29207,6.70984,1.34424,3.36269,2.22235,4.00275
00315,Segment 12,-5.95331,-4.93703,1.65811,0.79715,2.32695,-5.10783,-6.08275,-3.39350,2.17180,1.01387,2.30904,-0.80296,3.76965,1.73060,5.22465,4.66797,3.73474,2.80703
00315,Segment 13,7.52186,8.73151,-10.98073,-7.17382,3.05585,13.21823,-0.55641,1.05814,-5.66857,3.24556,2.03431,7.57699,-3.05828,1.04469,-5.36486,-3.12510,1.84509,2.24034
00315,Segment 14,-6.68531,-3.09281,-2.03478,-0.56640,-1.09143,7.13437,-5.82657,-4.23312,-0.67010,2.57377,-0.60218,9.05602,2.17641,6.34145,2.05083,1.99359,1.71386,3.73995
00315,Segment 15,-7.12746,-1.51387,-0.34336,2.19938,-0.89046,-0.22865,-6.61558,-2.21766,-2.80951,2.88592,0.31650,2.11957,2.79955,5.66811,3.49857,4.31640,1.49515,2.82021
00315,Segment 16,3.20392,0.92967,2.87353,-2.41622,-0.29627,-3.07252,4.53883,-1.61850,3.33213,-4.46281,-0.22417,-1.92869,0.00219,-2.03104,0.86863,-0.78923,-1.18501,-1.59042
00315,Segment 17,1.02494,2.52026,-3.28059,1.88473,0.03355,4.15821,-0.46270,2.05410,-3.09668,1.84900,-1.44350,2.26016,-2.40920,1.80131,-2.52643,-1.08525,-4.86133,-1.17353
00315,Segment 18,-1.81334,1.26732,-1.25754,-0.08197,-1.47522,3.52786,-1.07614,-0.27046,-0.20134,1.90709,-2.67008,4.10502,-2.26434,3.50127,-2.15252,-0.12474,0.21266,1.64770
00315,Segment 19,-0.78332,1.55966,-9.11492,-2.58324,3.36076,3.81783,-4.58768,1.01201,-0.99819,5.41397,4.42314,4.74714,2.78905,4.94850,-2.94101,-1.46407,2.85474,4.04388
00315,Segment 20,-0.23904,3.55850,-2.42263,-4.78014,1.43392,7.79991,-1.03231,0.27715,0.77815,-0.25884,-0.96823,6.34871,-0.55115,-0.70032,-1.51431,-1.48732,-1.62369,0.32832
00315,Segment 21,1.13003,1.94493,-1.97134,-0.26925,0.82938,1.64093,0.25865,0.67775,-0.91736,1.91571,-0.82235,0.98681,-1.62017,1.70581,-2.03581,-1.16637,-1.24319,-1.58212
00315,Segment 22,-2.47379,-5.69687,-1.95223,-2.66650,3.03149,-1.62573,-3.79735,-3.15347,1.23159,-4.31918,10.15538,1.28819,5.80457,1.09613,4.84386,1.91792,9.53140,6.51146
00315,Segment 23,-5.21306,-4.43395,-1.02307,-0.26538,-0.12147,2.70014,-3.67207,-4.71713,-1.51293,-3.22370,6.34959,0.85490,5.21107,3.21141,3.84837,3.63578,9.06464,6.27552
00315,Segment 24,-6.19165,-3.43412,-1.41758,1.33369,0.18115,6.23534,-6.71039,-2.24853,-4.02053,0.60720,-0.00301,6.89676,1.86066,6.08538,2.18984,4.10676,1.70847,2.84877
00315,Segment 25,-7.37417,-5.80462,-0.10103,3.33817,0.01193,-1.27280,-5.18560,-0.33211,-2.02312,5.57075,1.39312,2.28140,2.12048,5.33364,1.11616,2.32993,1.04004,1.71462
00315,Segment 26,-1.57623,1.22605,0.41611,1.19855,0.85998,-1.56105,0.28307,2.32815,-2.31890,1.17078,-0.76691,-0.82469,-2.15561,2.60963,-1.87499,-1.38016,0.77122,0.35933
00315,Segment 27,-5.03113,-3.82253,1.56598,2.35217,-1.78642,-2.77452,-3.38757,-1.38004,-1.53821,1.12504,0.58467,0.85725,3.88443,3.98643,2.22089,3.22283,1.29439,2.12784
00315,Segment 28,¥,¥,¥,¥,¥,¥,¥,¥,¥,¥,¥,¥,¥,¥,¥,¥,¥,¥
00315,Segment 29,-1.01503,1.22446,0.01292,-4.65298,-1.33150,-0.13658,-0.30843,-0.96606,1.48319,-0.91688,1.91114,0.48862,4.48544,0.99147,2.05685,0.00062,3.55630,0.91713
00315,Segment 30,-3.47649,-1.31589,2.42643,0.41441,-4.08771,-2.90191,-0.60671,0.70162,1.43659,0.74869,-0.77409,-2.84049,5.10015,2.44459,1.18422,-0.37478,1.39268,0.84173
00315,Segment 31,-2.01990,-1.23997,-1.17757,-0.28442,5.54748,-1.68683,-1.26489,-1.13323,0.05462,-0.24024,6.14872,-3.77860,1.86038,0.67036,0.18124,-0.58363,3.95305,1.36752
00315,Segment 32,-0.04899,0.05522,-0.00786,-0.28291,-1.41704,-2.51381,-0.29417,-1.37846,0.84727,-2.77750,-0.32993,-1.49440,4.07559,1.18499,2.97066,1.25820,2.65978,1.08524
00315,Segment 33,2.18693,2.91784,-1.31485,2.32897,-2.39912,-1.42267,0.59142,4.99884,1.63646,4.99366,-3.59288,-3.89999,-3.31083,0.63341,-4.11414,-2.21350,-4.31852,-5.44727
00315,Segment 34,-5.99119,-4.22474,2.14544,7.04818,-7.71475,-8.65655,-3.74197,0.54916,-4.70238,1.79576,0.71589,-3.83967,3.40990,5.44609,5.17837,5.27154,5.84666,3.79142
00315,Segment 35,7.08892,5.38235,-2.62849,-4.77296,4.29547,7.77575,2.81606,1.10186,1.14433,2.91776,-1.37003,4.72486,-6.15551,0.77241,-7.90573,-7.43477,-6.36183,-5.15195
00315,Segment 36,-0.26380,-3.96996,-2.37867,-3.72111,4.92963,3.14574,-3.88783,-4.78052,0.95660,1.76205,3.50599,3.01025,3.03838,1.62593,2.47646,0.69360,3.35200,3.14702
00315,Segment 37,-0.20349,-0.82126,2.66372,2.68950,-3.63954,-7.05053,2.71255,3.26535,3.30718,3.11302,-3.11879,-5.37678,1.31110,0.45450,-1.69000,-1.77344,-3.05221,-4.63330
00315,Segment 38,¥,¥,¥,¥,¥,¥,¥,¥,¥,¥,¥,¥,¥,¥,¥,¥,¥,¥
00315,Segment 39,1.93513,1.20520,-0.89631,-2.30321,2.21554,-0.28162,-0.81331,-0.44935,-1.40014,-1.07635,-1.01105,1.61200,-1.39554,1.73219,1.18799,1.85609,0.92875,0.29819
00315,Segment 40,¥,¥,¥,¥,¥,¥,¥,¥,¥,¥,¥,¥,¥,¥,¥,¥,¥,¥
